,drug,gene,index_relative_to_start_codon,alt,ref,variant_effect_size
0,KAN,fabG1,-15,t,c,0.10527265071868896
1,KAN,fabG1,-8,a,t,0.1041799783706665
2,KAN,fabG1,-8,g,t,0.10137641429901123
3,KAN,fabG1,608,a,g,0.11906325817108154
4,KAN,fabG1,608,t,g,0.12184953689575195
5,PAS,fabG1,-8,c,t,0.2372436225414276
6,ETH,fabG1,-17,c,g,0.7815929651260376
7,ETH,fabG1,-17,t,g,0.8256230354309082
8,ETH,fabG1,-15,a,c,0.8755831718444824
9,ETH,fabG1,-15,g,c,0.8884778022766113
10,ETH,fabG1,-15,t,c,1.0291070938110352
11,ETH,fabG1,-14,a,g,0.32755136489868164
12,ETH,fabG1,-14,c,g,0.8689208030700684
13,ETH,fabG1,-13,t,a,0.2743781805038452
14,ETH,fabG1,-8,a,t,0.9931223392486572
15,ETH,fabG1,-8,c,t,0.6970324516296387
16,ETH,fabG1,-8,g,t,0.8742315769195557
17,ETH,fabG1,608,a,g,0.8772449493408203
18,ETH,fabG1,608,t,g,0.8435862064361572
19,INH,fabG1,-17,c,g,0.17296481132507324
20,INH,fabG1,-17,t,g,0.18086960911750793
21,INH,fabG1,-15,a,c,0.18833017349243164
22,INH,fabG1,-15,g,c,0.1928192377090454
23,INH,fabG1,-15,t,c,0.22774609923362732
24,INH,fabG1,-14,c,g,0.18602508306503296
25,INH,fabG1,-8,a,t,0.21579605340957642
26,INH,fabG1,-8,c,t,0.19467750191688538
27,INH,fabG1,-8,g,t,0.18904808163642883
28,INH,fabG1,608,a,g,0.25008538365364075
29,INH,fabG1,608,t,g,0.23413580656051636
30,MXF,rrs,1400,c,a,0.11007754504680634
31,MXF,rrs,1400,g,a,0.11589790880680084
32,MXF,rrs,1400,t,a,0.11114241182804108
33,KAN,rrs,1400,c,a,1.0708385705947876
34,KAN,rrs,1400,g,a,1.1847659349441528
35,KAN,rrs,1400,t,a,1.090429425239563
36,KAN,rrs,1401,t,c,0.38380861282348633
37,KAN,rrs,1404,t,c,0.11606943607330322
38,AMI,rrs,1400,c,a,1.2982267141342163
39,AMI,rrs,1400,g,a,1.4268746376037598
40,AMI,rrs,1400,t,a,1.319874882698059
41,AMI,rrs,1401,t,c,0.46582528948783875
42,AMI,rrs,1404,t,c,0.16963914036750793
43,EMB,rrs,1400,c,a,0.2149641513824463
44,EMB,rrs,1400,g,a,0.2433788776397705
45,EMB,rrs,1400,t,a,0.22030746936798096
46,LEV,rrs,1400,c,a,0.10666114091873169
47,LEV,rrs,1400,g,a,0.11102789640426636
48,LEV,rrs,1400,t,a,0.10737454891204834
49,ETH,rrs,1400,c,a,0.13575196266174316
50,ETH,rrs,1400,g,a,0.15208029747009277
51,ETH,rrs,1400,t,a,0.14006680250167847
52,INH,rrs,1400,c,a,0.1900113821029663
53,INH,rrs,1400,g,a,0.2021988332271576
54,INH,rrs,1400,t,a,0.19286084175109863
55,INH,rrs,1401,t,c,0.11769818514585495
56,RIF,rrs,1400,c,a,0.38327234983444214
57,RIF,rrs,1400,g,a,0.41477543115615845
58,RIF,rrs,1400,t,a,0.38982445001602173
59,RIF,rrs,1401,t,c,0.15281462669372559
60,MXF,gyrA,261,a,g,0.9726313948631287
61,MXF,gyrA,261,c,g,1.0443867444992065
62,MXF,gyrA,261,t,g,1.1116193532943726
63,MXF,gyrA,264,a,g,0.9962086081504822
64,MXF,gyrA,264,t,g,0.31508028507232666
65,MXF,gyrA,268,a,c,0.8083969950675964
66,MXF,gyrA,268,g,c,0.7286837100982666
67,MXF,gyrA,268,t,c,0.8200525641441345
68,MXF,gyrA,270,a,t,0.5955391526222229
69,MXF,gyrA,270,c,t,0.8000444769859314
70,MXF,gyrA,270,g,t,0.930513322353363
71,MXF,gyrA,276,a,t,0.3856505751609802
72,MXF,gyrA,276,g,t,0.14389927685260773
73,MXF,gyrA,279,a,g,1.0956449508666992
74,MXF,gyrA,279,c,g,1.0987814664840698
75,MXF,gyrA,279,t,g,1.0763295888900757
76,MXF,gyrA,280,g,a,1.0057142972946167
77,MXF,gyrA,280,t,a,0.8056973814964294
78,PAS,gyrA,261,a,g,0.11490675806999207
79,PAS,gyrA,261,c,g,0.12599283456802368
80,PAS,gyrA,261,t,g,0.12426283955574036
81,PAS,gyrA,264,a,g,0.12586769461631775
82,PAS,gyrA,270,g,t,0.1193331778049469
83,PAS,gyrA,279,a,g,0.121802419424057
84,PAS,gyrA,279,c,g,0.12298759818077087
85,PAS,gyrA,279,t,g,0.12906166911125183
86,PAS,gyrA,280,g,a,0.13533809781074524
87,RFB,gyrA,261,a,g,0.11807559430599213
88,RFB,gyrA,261,c,g,0.1694859117269516
89,RFB,gyrA,261,t,g,0.1462930291891098
90,RFB,gyrA,279,a,g,0.1063276082277298
91,RFB,gyrA,279,c,g,0.10892841219902039
92,EMB,gyrA,261,a,g,0.28507566452026367
93,EMB,gyrA,261,c,g,0.3162187337875366
94,EMB,gyrA,261,t,g,0.3393373489379883
95,EMB,gyrA,264,a,g,0.29099035263061523
96,EMB,gyrA,268,a,c,0.23044288158416748
97,EMB,gyrA,268,g,c,0.20617318153381348
98,EMB,gyrA,268,t,c,0.23190367221832275
99,EMB,gyrA,270,a,t,0.16124504804611206
100,EMB,gyrA,270,c,t,0.2208397388458252
101,EMB,gyrA,270,g,t,0.2671447992324829
102,EMB,gyrA,279,a,g,0.32065248489379883
103,EMB,gyrA,279,c,g,0.3229712247848511
104,EMB,gyrA,279,t,g,0.3155626058578491
105,EMB,gyrA,280,g,a,0.29572224617004395
106,EMB,gyrA,280,t,a,0.22313416004180908
107,LEV,gyrA,261,a,g,1.3342804908752441
108,LEV,gyrA,261,c,g,1.4307444095611572
109,LEV,gyrA,261,t,g,1.522493839263916
110,LEV,gyrA,264,a,g,1.3644375801086426
111,LEV,gyrA,264,t,g,0.4239571690559387
112,LEV,gyrA,268,a,c,1.1126298904418945
113,LEV,gyrA,268,g,c,1.0004346370697021
114,LEV,gyrA,268,t,c,1.1284399032592773
115,LEV,gyrA,270,a,t,0.8134118914604187
116,LEV,gyrA,270,c,t,1.0976686477661133
117,LEV,gyrA,270,g,t,1.2761311531066895
118,LEV,gyrA,276,a,t,0.5254426598548889
119,LEV,gyrA,276,g,t,0.19047915935516357
120,LEV,gyrA,279,a,g,1.4987106323242188
121,LEV,gyrA,279,c,g,1.5034890174865723
122,LEV,gyrA,279,t,g,1.470384120941162
123,LEV,gyrA,280,g,a,1.3745403289794922
124,LEV,gyrA,280,t,a,1.1051714420318604
125,INH,gyrA,261,c,g,0.1253875494003296
126,INH,gyrA,261,t,g,0.11831966787576675
127,INH,gyrA,279,a,g,0.10086613148450851
128,RIF,gyrA,261,a,g,0.24076026678085327
129,RIF,gyrA,261,c,g,0.3160296678543091
130,RIF,gyrA,261,t,g,0.29068219661712646
131,RIF,gyrA,264,a,g,0.16746467351913452
132,RIF,gyrA,268,a,c,0.21919980645179749
133,RIF,gyrA,268,g,c,0.20501452684402466
134,RIF,gyrA,268,t,c,0.20476731657981873
135,RIF,gyrA,270,a,t,0.1435953676700592
136,RIF,gyrA,270,c,t,0.14461472630500793
137,RIF,gyrA,270,g,t,0.15520590543746948
138,RIF,gyrA,279,a,g,0.23095667362213135
139,RIF,gyrA,279,c,g,0.2339535355567932
140,RIF,gyrA,279,t,g,0.19149428606033325
141,RIF,gyrA,280,g,a,0.14279305934906006
142,RIF,gyrA,280,t,a,0.13606280088424683
143,ETH,gyrB,870,t,a,0.13395655155181885
144,ETH,gyrB,872,a,g,0.14577198028564453
145,ETH,gyrB,872,c,g,0.15890920162200928
146,KAN,katG,1387,t,g,-0.14086639881134033
147,PAS,katG,894,a,g,0.12157934904098511
148,PAS,katG,943,a,g,0.22861447930335999
149,PAS,katG,943,c,g,0.24934133887290955
150,PAS,katG,943,t,g,0.24889162182807922
151,PAS,katG,1387,t,g,0.10961207747459412
152,ETH,katG,1387,t,g,-0.11565101146697998
153,INH,katG,894,a,g,0.35883525013923645
154,INH,katG,943,a,g,0.8500367403030396
155,INH,katG,943,c,g,0.9554623961448669
156,INH,katG,943,t,g,0.9531273245811462
157,RFB,embB,915,c,a,0.10953651368618011
158,RFB,embB,915,g,a,0.10996855795383453
159,RFB,embB,915,t,a,0.10517843067646027
160,RFB,embB,917,a,g,0.10788138210773468
161,RFB,embB,917,c,g,0.1080888956785202
162,RFB,embB,917,t,g,0.10449227690696716
163,EMB,embB,909,t,c,0.1003081202507019
164,EMB,embB,912,a,g,0.37028396129608154
165,EMB,embB,913,a,g,0.31014060974121094
166,EMB,embB,913,t,g,0.42650365829467773
167,EMB,embB,914,g,c,0.48557114601135254
168,EMB,embB,915,c,a,0.6039162874221802
169,EMB,embB,915,g,a,0.6084176301956177
170,EMB,embB,915,t,a,0.5751224756240845
171,EMB,embB,917,a,g,0.5318219661712646
172,EMB,embB,917,c,g,0.5732427835464478
173,EMB,embB,917,t,g,0.5258033275604248
174,EMB,embB,921,g,c,0.3828303813934326
175,EMB,embB,921,t,c,0.2998133897781372
176,EMB,embB,922,a,g,0.4607442617416382
177,EMB,embB,922,c,g,0.49572479724884033
178,EMB,embB,922,t,g,0.35574567317962646
179,EMB,embB,926,a,c,0.40907371044158936
180,EMB,embB,929,a,c,0.2156715989112854
181,EMB,embB,1211,t,g,0.11831510066986084
182,EMB,embB,1215,a,g,0.15242153406143188
183,EMB,embB,1215,c,g,0.2005523443222046
184,EMB,embB,1215,t,g,0.29814112186431885
185,EMB,embB,1216,c,g,0.34693443775177
186,EMB,embB,1327,t,g,0.2436596155166626
187,EMB,embB,1333,g,a,0.5034562349319458
188,EMB,embB,1473,a,g,0.28261733055114746
189,EMB,embB,1483,g,c,0.36894941329956055
190,EMB,embB,1488,a,c,0.23713147640228271
191,EMB,embB,1489,c,a,0.4661639928817749
192,EMB,embB,1489,g,a,0.5208772420883179
193,EMB,embB,1489,t,a,0.4158867597579956
194,INH,embB,912,a,g,0.1499769389629364
195,INH,embB,913,a,g,0.12221229821443558
196,INH,embB,913,t,g,0.17829552292823792
197,INH,embB,914,g,c,0.19919553399085999
198,INH,embB,915,c,a,0.246047705411911
199,INH,embB,915,g,a,0.247268408536911
200,INH,embB,915,t,a,0.23592710494995117
201,INH,embB,917,a,g,0.22744020819664001
202,INH,embB,917,c,g,0.23729532957077026
203,INH,embB,917,t,g,0.22465699911117554
204,INH,embB,921,g,c,0.1555866301059723
205,INH,embB,921,t,c,0.11653713136911392
206,INH,embB,922,a,g,0.1904105246067047
207,INH,embB,922,c,g,0.21073368191719055
208,INH,embB,922,t,g,0.14321818947792053
209,INH,embB,926,a,c,0.16991779208183289
210,INH,embB,1215,t,g,0.11704375594854355
211,INH,embB,1216,c,g,0.14260661602020264
212,INH,embB,1333,g,a,0.2064853310585022
213,INH,embB,1473,a,g,0.11225006729364395
214,INH,embB,1483,g,c,0.14739495515823364
215,INH,embB,1489,c,a,0.18828409910202026
216,INH,embB,1489,g,a,0.22939583659172058
217,INH,embB,1489,t,a,0.16624242067337036
218,RIF,embB,912,a,g,0.20462706685066223
219,RIF,embB,913,a,g,0.16226181387901306
220,RIF,embB,913,t,g,0.24519768357276917
221,RIF,embB,914,g,c,0.275566041469574
222,RIF,embB,915,c,a,0.3614516854286194
223,RIF,embB,915,g,a,0.3637322187423706
224,RIF,embB,915,t,a,0.34289759397506714
225,RIF,embB,917,a,g,0.3336898684501648
226,RIF,embB,917,c,g,0.34890246391296387
227,RIF,embB,917,t,g,0.32540303468704224
228,RIF,embB,921,g,c,0.2103719413280487
229,RIF,embB,921,t,c,0.15710070729255676
230,RIF,embB,922,a,g,0.26216715574264526
231,RIF,embB,922,c,g,0.2974752187728882
232,RIF,embB,922,t,g,0.1915830373764038
233,RIF,embB,926,a,c,0.23267251253128052
234,RIF,embB,929,a,c,0.1047622561454773
235,RIF,embB,1215,c,g,0.10375705361366272
236,RIF,embB,1215,t,g,0.1588711142539978
237,RIF,embB,1216,c,g,0.19448569416999817
238,RIF,embB,1327,t,g,0.11518627405166626
239,RIF,embB,1333,g,a,0.2833988070487976
240,RIF,embB,1473,a,g,0.13813647627830505
241,RIF,embB,1483,g,c,0.18928760290145874
242,RIF,embB,1488,a,c,0.11208990216255188
243,RIF,embB,1489,c,a,0.2512693703174591
244,RIF,embB,1489,g,a,0.3112211227416992
245,RIF,embB,1489,t,a,0.21758407354354858
246,MXF,rpoB,1302,t,g,0.11776323616504669
247,KAN,rpoB,1269,a,t,-0.10079097747802734
248,KAN,rpoB,1279,g,c,-0.10881805419921875
249,KAN,rpoB,1292,a,c,-0.12975060939788818
250,KAN,rpoB,1293,a,c,-0.11300039291381836
251,KAN,rpoB,1293,g,c,-0.11421477794647217
252,KAN,rpoB,1294,c,a,-0.10426461696624756
253,KAN,rpoB,1294,g,a,-0.1432971954345703
254,KAN,rpoB,1294,t,a,-0.10804581642150879
255,KAN,rpoB,1295,t,a,-0.11804425716400146
256,KAN,rpoB,1302,a,g,-0.14018893241882324
257,KAN,rpoB,1303,c,a,-0.13660883903503418
258,KAN,rpoB,1321,a,c,-0.15558397769927979
259,KAN,rpoB,1321,t,c,-0.15751826763153076
260,KAN,rpoB,1326,a,t,-0.12547308206558228
261,KAN,rpoB,1332,g,c,0.20350408554077148
262,KAN,rpoB,1332,t,c,0.16917145252227783
263,KAN,rpoB,1333,c,a,0.15476417541503906
264,KAN,rpoB,1333,t,a,0.14128220081329346
265,KAN,rpoB,1334,a,c,0.17377114295959473
266,KAN,rpoB,1346,a,g,-0.10571682453155518
267,KAN,rpoB,1350,a,g,-0.15061968564987183
268,KAN,rpoB,1353,a,c,-0.1088106632232666
269,KAN,rpoB,1353,g,c,-0.13948380947113037
270,KAN,rpoB,1353,t,c,-0.14208126068115234
271,AMI,rpoB,1302,a,g,-0.10343214869499207
272,AMI,rpoB,1321,a,c,-0.11102254688739777
273,AMI,rpoB,1321,t,c,-0.11829832196235657
274,AMI,rpoB,1332,g,c,0.1327458918094635
275,AMI,rpoB,1332,t,c,0.1302402913570404
276,AMI,rpoB,1333,c,a,0.11491098999977112
277,AMI,rpoB,1334,a,c,0.12117329239845276
278,AMI,rpoB,1350,a,g,-0.11299437284469604
279,PAS,rpoB,1302,t,g,-0.12904927134513855
280,PAS,rpoB,1332,g,c,-0.14373326301574707
281,PAS,rpoB,1333,t,a,-0.1836410015821457
282,PAS,rpoB,1334,a,c,-0.10792848467826843
283,PAS,rpoB,1354,c,t,-0.10034659504890442
284,RFB,rpoB,1269,g,t,0.4101487398147583
285,RFB,rpoB,1279,g,c,0.347694456577301
286,RFB,rpoB,1292,a,c,0.725952684879303
287,RFB,rpoB,1293,a,c,0.7450811266899109
288,RFB,rpoB,1293,g,c,0.7430208921432495
289,RFB,rpoB,1294,c,a,0.7491465210914612
290,RFB,rpoB,1294,g,a,0.7284143567085266
291,RFB,rpoB,1294,t,a,0.7588256001472473
292,RFB,rpoB,1295,t,a,0.5599336624145508
293,RFB,rpoB,1302,a,g,0.12236388027667999
294,RFB,rpoB,1303,g,a,0.10624031722545624
295,RFB,rpoB,1303,t,a,0.36297059059143066
296,RFB,rpoB,1307,t,g,0.10753236711025238
297,RFB,rpoB,1321,a,c,0.19077830016613007
298,RFB,rpoB,1321,g,c,0.7684713006019592
299,RFB,rpoB,1321,t,c,0.2423294633626938
300,RFB,rpoB,1332,g,c,0.8466018438339233
301,RFB,rpoB,1332,t,c,0.8528956770896912
302,RFB,rpoB,1333,c,a,0.8338617086410522
303,RFB,rpoB,1333,g,a,0.7265845537185669
304,RFB,rpoB,1333,t,a,0.22790484130382538
305,RFB,rpoB,1334,a,c,0.8305156230926514
306,RFB,rpoB,1340,a,c,0.5657099485397339
307,RFB,rpoB,1346,a,g,0.23450742661952972
308,RFB,rpoB,1347,a,t,0.5489046573638916
309,RFB,rpoB,1347,c,t,0.4908408522605896
310,RFB,rpoB,1347,g,t,0.4057033658027649
311,RFB,rpoB,1348,a,c,0.8174022436141968
312,RFB,rpoB,1348,g,c,0.7446500658988953
313,RFB,rpoB,1348,t,c,0.8195877075195312
314,RFB,rpoB,1350,a,g,0.16066525876522064
315,RFB,rpoB,1351,t,c,0.4506291151046753
316,RFB,rpoB,1353,a,c,0.5776715278625488
317,RFB,rpoB,1353,g,c,0.17877022922039032
318,RFB,rpoB,1353,t,c,0.15331657230854034
319,RFB,rpoB,1354,a,t,0.1471475064754486
320,RFB,rpoB,1354,c,t,0.12886136770248413
321,RFB,rpoB,1354,g,t,0.7636996507644653
322,RFB,rpoB,1357,c,g,0.10937978327274323
323,EMB,rpoB,1302,t,g,0.11096948385238647
324,EMB,rpoB,1303,g,a,0.10302937030792236
325,EMB,rpoB,1303,t,a,0.10110050439834595
326,EMB,rpoB,1332,g,c,-0.14023029804229736
327,LEV,rpoB,1302,t,g,0.1512492299079895
328,LEV,rpoB,1303,g,a,0.11818736791610718
329,ETH,rpoB,1302,a,g,-0.11237597465515137
330,ETH,rpoB,1303,c,a,-0.12343931198120117
331,ETH,rpoB,1321,a,c,-0.11986291408538818
332,ETH,rpoB,1321,t,c,-0.11436164379119873
333,ETH,rpoB,1326,a,t,-0.11062920093536377
334,ETH,rpoB,1346,a,g,-0.1018635630607605
335,ETH,rpoB,1350,a,g,-0.13395988941192627
336,ETH,rpoB,1353,a,c,-0.10065847635269165
337,ETH,rpoB,1353,g,c,-0.11426830291748047
338,ETH,rpoB,1353,t,c,-0.12136447429656982
339,INH,rpoB,1269,g,t,0.24877965450286865
340,INH,rpoB,1279,g,c,0.2073213756084442
341,INH,rpoB,1292,a,c,0.28411370515823364
342,INH,rpoB,1293,a,c,0.25742819905281067
343,INH,rpoB,1293,g,c,0.25834330916404724
344,INH,rpoB,1294,c,a,0.2509208023548126
345,INH,rpoB,1294,g,a,0.33113130927085876
346,INH,rpoB,1294,t,a,0.253905326128006
347,INH,rpoB,1295,t,a,0.34089580178260803
348,INH,rpoB,1302,t,g,0.14408567547798157
349,INH,rpoB,1303,c,a,0.1215842142701149
350,INH,rpoB,1303,g,a,0.19497337937355042
351,INH,rpoB,1303,t,a,0.34570208191871643
352,INH,rpoB,1321,a,c,0.2060716450214386
353,INH,rpoB,1321,g,c,0.31479087471961975
354,INH,rpoB,1321,t,c,0.24818125367164612
355,INH,rpoB,1333,g,a,0.20614397525787354
356,INH,rpoB,1333,t,a,0.12869960069656372
357,INH,rpoB,1340,a,c,0.1600886881351471
358,INH,rpoB,1346,a,g,0.1156260147690773
359,INH,rpoB,1347,a,t,0.23424586653709412
360,INH,rpoB,1347,c,t,0.20081666111946106
361,INH,rpoB,1347,g,t,0.16843917965888977
362,INH,rpoB,1348,a,c,0.16550743579864502
363,INH,rpoB,1348,g,c,0.15905994176864624
364,INH,rpoB,1348,t,c,0.1629902422428131
365,INH,rpoB,1350,a,g,0.12295132130384445
366,INH,rpoB,1351,t,c,0.1623033583164215
367,INH,rpoB,1353,a,c,0.2531101703643799
368,INH,rpoB,1353,g,c,0.13685894012451172
369,INH,rpoB,1353,t,c,0.11962193995714188
370,INH,rpoB,1354,a,t,0.10504961758852005
371,INH,rpoB,1354,g,t,0.2642963230609894
372,RIF,rpoB,1269,a,t,0.24688932299613953
373,RIF,rpoB,1269,g,t,1.0008411407470703
374,RIF,rpoB,1279,g,c,0.8056433796882629
375,RIF,rpoB,1285,c,a,0.22642171382904053
376,RIF,rpoB,1288,c,t,0.12432849407196045
377,RIF,rpoB,1288,g,t,0.16698876023292542
378,RIF,rpoB,1291,t,g,0.1299746036529541
379,RIF,rpoB,1292,a,c,1.3453845977783203
380,RIF,rpoB,1293,a,c,1.3536410331726074
381,RIF,rpoB,1293,g,c,1.3486459255218506
382,RIF,rpoB,1294,c,a,1.3650026321411133
383,RIF,rpoB,1294,g,a,1.4135103225708008
384,RIF,rpoB,1294,t,a,1.391737699508667
385,RIF,rpoB,1295,t,a,1.2059602737426758
386,RIF,rpoB,1301,c,g,0.17010819911956787
387,RIF,rpoB,1302,a,g,0.24320852756500244
388,RIF,rpoB,1302,t,g,0.4541324973106384
389,RIF,rpoB,1303,c,a,0.3104793429374695
390,RIF,rpoB,1303,g,a,0.5967569947242737
391,RIF,rpoB,1303,t,a,1.2476551532745361
392,RIF,rpoB,1307,c,g,0.16091009974479675
393,RIF,rpoB,1307,t,g,0.19835898280143738
394,RIF,rpoB,1321,a,c,0.5949059128761292
395,RIF,rpoB,1321,g,c,1.4272401332855225
396,RIF,rpoB,1321,t,c,0.731502115726471
397,RIF,rpoB,1326,a,t,0.21820786595344543
398,RIF,rpoB,1332,a,c,0.17282330989837646
399,RIF,rpoB,1332,g,c,1.5534803867340088
400,RIF,rpoB,1332,t,c,1.522888422012329
401,RIF,rpoB,1333,c,a,1.5033574104309082
402,RIF,rpoB,1333,g,a,1.3223698139190674
403,RIF,rpoB,1333,t,a,0.8835167288780212
404,RIF,rpoB,1334,a,c,1.499776840209961
405,RIF,rpoB,1340,a,c,1.0105738639831543
406,RIF,rpoB,1346,a,g,0.4230552315711975
407,RIF,rpoB,1347,a,t,1.015932559967041
408,RIF,rpoB,1347,c,t,0.8964117169380188
409,RIF,rpoB,1347,g,t,0.7365819811820984
410,RIF,rpoB,1348,a,c,1.4460880756378174
411,RIF,rpoB,1348,g,c,1.3373730182647705
412,RIF,rpoB,1348,t,c,1.4574377536773682
413,RIF,rpoB,1350,a,g,0.35623252391815186
414,RIF,rpoB,1351,t,c,0.822018563747406
415,RIF,rpoB,1353,a,c,1.0942449569702148
416,RIF,rpoB,1353,g,c,0.4192379117012024
417,RIF,rpoB,1353,t,c,0.34128236770629883
418,RIF,rpoB,1354,a,t,0.3826645612716675
419,RIF,rpoB,1354,c,t,0.388327419757843
420,RIF,rpoB,1354,g,t,1.3964083194732666
421,RIF,rpoB,1357,c,g,0.23947417736053467
